name,category,address,lat,lng,rating,user_ratings_total,price_level,summary,phone,website,opening_hours,place_id
The Lounge Bar Sveavägen,Bar,"Sveavägen 45, 111 34 Stockholm, Sweden",59.33923649999999,18.0594917,4.2,82,,,070-736 88 99,https://www.theloungebar.se/,Monday: 2:00 PM – 1:00 AM; Tuesday: 2:00 PM – 1:00 AM; Wednesday: 2:00 PM – 1:00 AM; Thursday: 2:00 PM – 1:00 AM; Friday: 12:00 PM – 1:00 AM; Saturday: 12:00 PM – 1:00 AM; Sunday: 12:00 PM – 1:00 AM,ChIJ9SaS_O-dX0YRoRbMHRxpY-8
Pub Anchor,Bar,"Sveavägen 90, 113 59 Stockholm, Sweden",59.34126179999999,18.0584989,4.3,3965,MODERATE,"Lively bar offering a wide choice of beers, plus pub grub & rock 'n' roll cover bands.",08-15 20 00,http://www.pubanchor.com/,Monday: 1:00 PM – 3:00 AM; Tuesday: 1:00 PM – 3:00 AM; Wednesday: 1:00 PM – 3:00 AM; Thursday: 1:00 PM – 3:00 AM; Friday: 12:00 PM – 3:00 AM; Saturday: 12:00 PM – 3:00 AM; Sunday: 1:00 PM – 3:00 AM,ChIJDbCVyWidX0YRXzMpO_IVfJM
"Kappa Bar, Stockholm Sveavägen",Bar,"Sveavägen 105, 113 50 Stockholm, Sweden",59.3456062,18.0536973,4.4,670,MODERATE,,08-121 660 00,http://stockholm.kappabar.se/,Monday: Closed; Tuesday: Closed; Wednesday: 5:00 PM – 12:00 AM; Thursday: 5:00 PM – 12:00 AM; Friday: 4:00 PM – 1:00 AM; Saturday: 4:00 PM – 1:00 AM; Sunday: Closed,ChIJO_Wec26dX0YRr6V4RXJmAjY
Crazy Horse Sveavägen,Bar,"Sveavägen 60, 111 34 Stockholm, Sweden",59.3387001,18.0609634,3.7,2114,INEXPENSIVE,,08-644 25 60,https://crazyhorse.se/?utm_source=google,Monday: 11:00 AM – 1:15 AM; Tuesday: 11:00 AM – 1:15 AM; Wednesday: 11:00 AM – 3:15 AM; Thursday: 11:00 AM – 3:15 AM; Friday: 11:00 AM – 3:15 AM; Saturday: 11:00 AM – 3:15 AM; Sunday: 11:00 AM – 1:15 AM,ChIJuTyLzWedX0YR5JVwKa-5kkc
Lion Bar,Bar,"Sveavägen 74, 113 59 Stockholm, Sweden",59.3398946,18.0597901,3.6,1151,INEXPENSIVE,,,http://lionbar.se/,Monday: 1:00 PM – 3:00 AM; Tuesday: 1:00 PM – 3:00 AM; Wednesday: 1:00 PM – 3:00 AM; Thursday: 1:00 PM – 3:00 AM; Friday: 1:00 PM – 3:00 AM; Saturday: 1:00 PM – 3:00 AM; Sunday: 1:00 PM – 3:00 AM,ChIJR0uPnGidX0YRT7RD-y_cayI
Hirschenkeller Sveavägen,Bar,"Sveavägen 61, 113 59 Stockholm, Sweden",59.3409933,18.057976600000003,3.6,1508,INEXPENSIVE,,08-30 40 05,https://www.hirschenkeller.se/?utm_source=google,Monday: 11:00 AM – 1:15 AM; Tuesday: 11:00 AM – 1:15 AM; Wednesday: 11:00 AM – 3:15 AM; Thursday: 11:00 AM – 1:15 AM; Friday: 11:00 AM – 3:15 AM; Saturday: 11:00 AM – 3:15 AM; Sunday: 11:00 AM – 1:15 AM,ChIJvXQlt2idX0YRPLYWAxjtgPs
Black Elk Saloon & Bar,Bar,"Sveavägen 61, 113 59 Stockholm, Sweden",59.3409864,18.0579632,3.6,173,,,08-27 89 12,https://crazyhorse.se/?utm_source=google,Monday: 3:00 – 11:00 PM; Tuesday: 3:00 – 11:00 PM; Wednesday: 3:00 PM – 12:00 AM; Thursday: 3:00 PM – 12:00 AM; Friday: 1:00 PM – 1:00 AM; Saturday: 1:00 PM – 1:00 AM; Sunday: 1:00 – 11:00 PM,ChIJ1QoTsIadX0YRXsS_87HQIO8
Retro Bar & Restaurant - Vasastan,Bar,"Sveavägen 120, 113 50 Stockholm, Sweden",59.34500189999999,18.0550773,3.6,988,INEXPENSIVE,,08-612 99 64,https://svea.retrobar.se/?utm_source=google,Monday: 1:00 PM – 12:00 AM; Tuesday: 1:00 PM – 12:00 AM; Wednesday: 1:00 PM – 1:00 AM; Thursday: 1:00 PM – 1:00 AM; Friday: 12:00 PM – 1:00 AM; Saturday: 12:00 PM – 1:00 AM; Sunday: 12:00 PM – 12:00 AM,ChIJ49Nzim6dX0YRc7g35qj-V2k
Ölstugan 1892 Tullen,Bar,"Sveavägen 64, 111 34 Stockholm, Sweden",59.33904959999999,18.060691,4,677,MODERATE,,08-99 99 42,https://www.olstugan.se/sveavagen,Monday: 11:00 AM – 3:00 AM; Tuesday: 11:00 AM – 3:00 AM; Wednesday: 11:00 AM – 3:00 AM; Thursday: 11:00 AM – 3:00 AM; Friday: 11:00 AM – 3:00 AM; Saturday: 12:00 PM – 3:00 AM; Sunday: 12:00 PM – 3:00 AM,ChIJO_EFOOOdX0YRXjUtBqNAHGE
Sosta Bar,Bar,"Sveavägen 84-86, 113 59 Stockholm, Sweden",59.3408382,18.058869899999998,4.7,427,INEXPENSIVE,,,http://www.sosta.se/,Monday: 7:30 AM – 5:00 PM; Tuesday: 7:30 AM – 5:00 PM; Wednesday: 7:30 AM – 5:00 PM; Thursday: 7:30 AM – 5:00 PM; Friday: 7:30 AM – 8:00 PM; Saturday: 9:00 AM – 4:00 PM; Sunday: Closed,ChIJk4MCvGidX0YRh92fmVUlg5I
Retro Sportbar & Restaurang - The Crib,Bar,"Sveavägen 55, 113 59 Stockholm, Sweden",59.3405783,18.0584025,3.7,946,INEXPENSIVE,,08-30 24 22,https://crib.retrobar.se/?utm_source=google,Monday: 3:00 PM – 12:00 AM; Tuesday: 3:00 PM – 12:00 AM; Wednesday: 3:00 PM – 1:00 AM; Thursday: 3:00 PM – 1:00 AM; Friday: 2:00 PM – 3:00 AM; Saturday: 12:00 PM – 3:00 AM; Sunday: 12:00 PM – 12:00 AM,ChIJH6NJu2idX0YRKVYeM-ajhsw
Jacobs Coffee,Bar,"Sveavägen 102, 113 50 Stockholm, Sweden",59.3428635,18.057094,4.1,197,MODERATE,,073-585 18 90,http://cafejacob.se/,Monday: 8:15 AM – 7:00 PM; Tuesday: 8:15 AM – 7:00 PM; Wednesday: 8:15 AM – 7:00 PM; Thursday: 8:15 AM – 7:00 PM; Friday: 8:15 AM – 7:00 PM; Saturday: 11:00 AM – 6:00 PM; Sunday: Closed,ChIJD-yVJ2-dX0YR79FrVR4hpDA
The Old Brewer - Vasastan,Bar,"Luntmakargatan 98, 113 51 Stockholm, Sweden",59.3441299,18.057245299999998,4.6,712,MODERATE,,08-777 74 76,https://www.vasastan.theoldbrewer.se/,Monday: 11:30 AM – 11:00 PM; Tuesday: 11:30 AM – 11:00 PM; Wednesday: 11:30 AM – 11:00 PM; Thursday: 11:30 AM – 11:00 PM; Friday: 11:30 AM – 11:00 PM; Saturday: 12:00 – 11:00 PM; Sunday: 12:00 – 10:00 PM,ChIJ3yA7ldSdX0YRZLtJxJS2Ly8
Hop & Vine,Bar,"Sveavägen 14, 111 57 Stockholm, Sweden",59.334171399999995,18.0650677,4.3,159,,,070-919 67 13,http://hopandvine.se/,Monday: Closed; Tuesday: 2:00 – 9:00 PM; Wednesday: 2:00 – 11:00 PM; Thursday: 2:00 – 11:00 PM; Friday: 2:00 – 11:00 PM; Saturday: 12:00 – 11:00 PM; Sunday: 12:00 – 9:00 PM,ChIJNZiTIWGdX0YRC-YGCsCpi2I
Takpark by Urban Deli,Bar,"Sveavägen 44, 111 34 Stockholm, Sweden",59.33692379999999,18.0625373,4.3,483,EXPENSIVE,,08-425 500 20,https://urbandeli.se/sveavagen-takparken/,Monday: 4:00 – 9:00 PM; Tuesday: 4:00 – 9:00 PM; Wednesday: 4:00 – 9:00 PM; Thursday: 4:00 – 9:00 PM; Friday: 3:00 – 9:00 PM; Saturday: 1:00 – 9:00 PM; Sunday: Closed,ChIJpa88l2edX0YRscT4eLPnUEE
Urban Deli,Bar,"Sveavägen 44, 111 34 Stockholm, Sweden",59.336771999999996,18.062784600000004,4,3667,MODERATE,,08-425 500 20,https://urbandeli.se/sveavagen-takparken/?utm_source=google,Monday: 7:00 AM – 10:00 PM; Tuesday: 7:00 AM – 11:00 PM; Wednesday: 7:00 AM – 11:00 PM; Thursday: 7:00 AM – 11:00 PM; Friday: 7:00 AM – 11:00 PM; Saturday: 8:00 AM – 11:00 PM; Sunday: 8:00 AM – 6:00 PM,ChIJpa88l2edX0YRMSg5kZC2DCk
Churchill Arms Stockholm,Bar,"Tulegatan 21, 113 57 Stockholm, Sweden",59.34326929999999,18.0610555,4.2,1502,MODERATE,"Burgers, fish 'n' chips & other classic bar food in a homey English pub featuring sidewalk tables.",08-15 00 61,http://www.churchillarms.se/,Monday: 3:00 – 11:00 PM; Tuesday: 3:00 – 11:00 PM; Wednesday: 3:00 – 11:00 PM; Thursday: 3:00 – 11:00 PM; Friday: 11:30 AM – 1:00 AM; Saturday: 1:00 PM – 1:00 AM; Sunday: 1:00 – 9:00 PM,ChIJ35YFPWmdX0YRMF88G251KtQ
The Flying Horse,Bar,"Odengatan 44, 113 51 Stockholm, Sweden",59.344593999999994,18.0568569,3.6,1234,MODERATE,,08-612 63 78,http://www.flyinghorse.se/?utm_source=google,Monday: 11:00 AM – 1:00 AM; Tuesday: 11:00 AM – 1:00 AM; Wednesday: 11:00 AM – 1:00 AM; Thursday: 11:00 AM – 1:00 AM; Friday: 11:00 AM – 3:00 AM; Saturday: 11:00 AM – 3:00 AM; Sunday: 11:00 AM – 1:00 AM,ChIJF7NnlW6dX0YRmXngjCZNhDY
WÄNG izakaya,Bar,"Sveavägen 88, 113 59 Stockholm, Sweden",59.3411468,18.0585903,4.4,899,MODERATE,,08-121 468 98,http://www.wangizakaya.se/,Monday: 11:00 AM – 10:00 PM; Tuesday: 11:00 AM – 10:00 PM; Wednesday: 11:00 AM – 10:00 PM; Thursday: 11:00 AM – 10:00 PM; Friday: 11:00 AM – 11:00 PM; Saturday: 12:00 – 11:00 PM; Sunday: Closed,ChIJbUBEuGidX0YRmvzDu1KTxSo
Man in the Moon,Bar,"Tegnérgatan 2C, 113 58 Stockholm, Sweden",59.340833599999996,18.0642493,4,2154,MODERATE,,08-458 95 00,https://maninthemoon.se/?utm_source=google,Monday: 11:00 AM – 11:00 PM; Tuesday: 11:00 AM – 12:00 AM; Wednesday: 11:00 AM – 12:00 AM; Thursday: 11:00 AM – 12:00 AM; Friday: 11:00 AM – 1:00 AM; Saturday: 12:00 PM – 1:00 AM; Sunday: Closed,ChIJr4-XOGidX0YRzKr4KLrbD7M
The Queen's Head,Pub,"Drottninggatan 108, 113 60 Stockholm, Sweden",59.3388516,18.0566955,4.2,1215,MODERATE,,08-32 86 00,http://www.queenshead.se/,Monday: 4:00 PM – 1:00 AM; Tuesday: 4:00 PM – 1:00 AM; Wednesday: 4:00 PM – 1:00 AM; Thursday: 4:00 PM – 1:00 AM; Friday: 3:00 PM – 1:00 AM; Saturday: 1:00 PM – 1:00 AM; Sunday: 1:00 PM – 1:00 AM,ChIJm8uGEmadX0YRhXhwbUNH0Mk
The Auld Dub,Pub,"Holländargatan 1, 111 36 Stockholm, Sweden",59.335385800000005,18.061496299999998,4,2570,MODERATE,"Jumping pub with an Irish theme & traditional dark-wood interior, with live music & TV sports.",08-679 77 07,http://theaulddub.se/,Monday: 3:00 PM – 1:00 AM; Tuesday: 3:00 PM – 1:00 AM; Wednesday: 3:00 PM – 1:00 AM; Thursday: 3:00 PM – 1:00 AM; Friday: 2:00 PM – 3:00 AM; Saturday: 12:00 PM – 3:00 AM; Sunday: 12:00 – 11:00 PM,ChIJkfT5bmedX0YRBWojhZ1xrZY
Burgers & Beer Svea,Pub,"Sveavägen 108, 113 53 Stockholm, Sweden",59.343273,18.0566448,4.5,292,MODERATE,,08-502 398 04,,Monday: 3:00 – 10:00 PM; Tuesday: 3:00 – 10:00 PM; Wednesday: 3:00 – 10:00 PM; Thursday: 3:00 – 10:00 PM; Friday: 3:00 – 11:00 PM; Saturday: 12:00 – 11:00 PM; Sunday: 12:00 – 9:00 PM,ChIJwenI4U6dX0YRXu1-k9SjsOs
Sense Stockholm,Nightclub,"Jakobsbergsgatan 15, 111 44 Stockholm, Sweden",59.33462359999999,18.0693177,3.2,245,,,,http://www.sensestockholm.com/,Monday: Closed; Tuesday: Closed; Wednesday: Closed; Thursday: Closed; Friday: 11:00 PM – 3:00 AM; Saturday: 11:00 PM – 3:00 AM; Sunday: Closed,ChIJcV3G6F2dX0YRmPdSKZDwvuw
Hyde Stockholm,Nightclub,"Jakobsbergsgatan 13, 111 44 Stockholm, Sweden",59.3346124,18.0699377,2.8,334,,,,http://www.hydestockholm.se/?utm_source=google&utm_medium=wix_google_business_profile&utm_campaign=3412205991565579115,,ChIJwxayD9OdX0YRXygu79r5FVo
Ego Nattklubb Stockholm,Nightclub,"Jakobsbergsgatan 15, 111 44 Stockholm, Sweden",59.33460729999999,18.0695728,4,201,,,08-669 58 55,https://www.egonattklubb.com/,Monday: Closed; Tuesday: Closed; Wednesday: Closed; Thursday: Closed; Friday: 10:00 PM – 3:00 AM; Saturday: Closed; Sunday: Closed,ChIJDxPRLeh3X0YR2MbFZNpE20w
Myst Stockholm,Nightclub,"Jakobsbergsgatan 15, 111 44 Stockholm, Sweden",59.33462359999999,18.0693177,2.8,125,,,,http://www.myststockholm.nu/,Monday: Closed; Tuesday: Closed; Wednesday: Closed; Thursday: Closed; Friday: 10:00 PM – 3:00 AM; Saturday: 10:00 PM – 3:00 AM; Sunday: Closed,ChIJY3qY5vudX0YRmZAhSQuvcz0
MELT Bar & Restaurant,Nightclub,"Malmskillnadsgatan 45, 111 38 Stockholm, Sweden",59.33710130000001,18.0647391,4.5,794,MODERATE,,,http://www.meltbar.se/,Monday: Closed; Tuesday: Closed; Wednesday: Closed; Thursday: 5:00 – 11:00 PM; Friday: 6:00 PM – 1:00 AM; Saturday: 6:00 PM – 1:00 AM; Sunday: Closed,ChIJkVe6Oft3X0YR19qtrhuDf3I
Berns Terrassen,Nightclub,"Näckströmsgatan 8, 111 47 Stockholm, Sweden",59.332148,18.073724700000003,2.5,223,,,08-566 322 00,https://berns.se/nightlife/,Monday: Closed; Tuesday: Closed; Wednesday: Closed; Thursday: Closed; Friday: 10:00 PM – 2:00 AM; Saturday: 10:00 PM – 4:00 AM; Sunday: Closed,ChIJF-_xMBqdX0YRjY1-MqWIB4M
V*****,Nightclub,"Sturegatan 4, 114 35 Stockholm, Sweden",59.336483599999994,18.0734677,2.6,38,,,,https://entrgroup.se/nightlife/v/,Monday: Closed; Tuesday: Closed; Wednesday: Closed; Thursday: Closed; Friday: 11:00 PM – 3:00 AM; Saturday: 11:00 PM – 3:00 AM; Sunday: Closed,ChIJKTmLo1ydX0YR0v1T9TpbfWk
Hell's Kitchen,Nightclub,"Sturegatan 4, 114 35 Stockholm, Sweden",59.336483599999994,18.0734677,2,206,,,,https://entrgroup.se/nightlife/hells-kitchen/,Monday: Closed; Tuesday: Closed; Wednesday: 11:00 PM – 5:00 AM; Thursday: Closed; Friday: 11:00 PM – 5:00 AM; Saturday: 11:00 PM – 5:00 AM; Sunday: Closed,ChIJNY2amFydX0YRYSimGdqOH2U
Spy Bar,Nightclub,"Birger Jarlsgatan 20, 114 34 Stockholm, Sweden",59.336615599999995,18.0720358,2.1,353,EXPENSIVE,Elegant nightspot with a labyrinth of stylish spaces & DJs creating a varied soundtrack.,,https://entrgroup.se/nightlife/the-spy-bar/,Monday: Closed; Tuesday: Closed; Wednesday: Closed; Thursday: 11:00 PM – 5:00 AM; Friday: 11:00 PM – 5:00 AM; Saturday: 11:00 PM – 5:00 AM; Sunday: Closed,ChIJ29yfv1ydX0YRxfvb3T48q5U
Stockholm Under Stjärnorna,Nightclub,"Brunkebergstorg 2, 4, 111 51 Stockholm, Sweden",59.33073439999999,18.0669868,4.2,716,MODERATE,,,http://www.sthlmunderstjarnorna.com/,Monday: Closed; Tuesday: 3:00 PM – 12:00 AM; Wednesday: 3:00 PM – 12:00 AM; Thursday: 3:00 PM – 12:00 AM; Friday: 2:00 PM – 12:00 AM; Saturday: 2:00 PM – 12:00 AM; Sunday: Closed,ChIJlxRGo4SdX0YRzUhL-GeewiE
Bar Elisabeth,Cocktail Bar,"Tegnérgatan 11, 111 40 Stockholm, Sweden",59.3403268,18.0632845,5,55,,,,https://www.instagram.com/barelisabethstockholm/?utm_source=google,Monday: Closed; Tuesday: Closed; Wednesday: 4:00 – 11:00 PM; Thursday: 4:00 – 11:00 PM; Friday: 4:00 PM – 12:00 AM; Saturday: 4:00 PM – 12:00 AM; Sunday: Closed,ChIJkxhBLgCdX0YRAyEDrm1Tdn8
Americain,Cocktail Bar,"Hötorget 13-15, 111 56 Stockholm, Sweden",59.3348649,18.061359799999998,4.1,287,,,08-517 267 00,https://www.scandichotels.com/en/hotels/haymarket-by-scandic/americain,Monday: 4:00 PM – 12:00 AM; Tuesday: 4:00 PM – 12:00 AM; Wednesday: 4:00 PM – 12:00 AM; Thursday: 4:00 PM – 12:00 AM; Friday: 2:00 PM – 1:00 AM; Saturday: 2:00 PM – 1:00 AM; Sunday: 5:00 PM – 12:00 AM,ChIJnWTG7pGdX0YRT5ra2D-JdgA
MAP Petite Maison,Cocktail Bar,"Vasagatan 38, 111 20 Stockholm, Sweden",59.332824200000005,18.057581199999998,4.6,297,,,073-956 38 41,http://www.mapetitemaison.se/?utm_source=google&utm_medium=wix_google_business_profile&utm_campaign=14877688896329122542,Monday: 3:00 – 11:00 PM; Tuesday: 3:00 – 11:00 PM; Wednesday: 3:00 – 11:00 PM; Thursday: 12:00 PM – 1:00 AM; Friday: 12:00 PM – 1:00 AM; Saturday: 12:00 PM – 1:00 AM; Sunday: 12:00 – 11:00 PM,ChIJlSJZ46WdX0YRr1JXQMUm1ow
Kura Stockholm,Cocktail Bar,"Jakobsbergsgatan 15, 111 44 Stockholm, Sweden",59.33460729999999,18.0695728,4.6,77,,,,https://www.kurastockholm.com/,Monday: Closed; Tuesday: Closed; Wednesday: 4:00 – 11:00 PM; Thursday: 4:00 – 11:00 PM; Friday: 4:00 – 11:00 PM; Saturday: 4:00 – 11:00 PM; Sunday: Closed,ChIJnde4Y2mdX0YRc9W3K3j8L9Y
Guldbaren,Cocktail Bar,"Norrmalmstorg 2-4, 111 46 Stockholm, Sweden",59.33348480000001,18.073833800000003,4.6,22,,,08-614 10 00,https://www.nobishotel.se/guldbaren?utm_source=google,Monday: 5:00 – 11:00 PM; Tuesday: 5:00 – 11:00 PM; Wednesday: 5:00 PM – 12:00 AM; Thursday: 5:00 PM – 12:00 AM; Friday: 4:00 PM – 1:00 AM; Saturday: 4:00 PM – 1:00 AM; Sunday: 5:00 – 11:00 PM,ChIJ-dbBIv6dX0YRSJwD2T0TV1w
Othilia,Cocktail Bar,"Karl XII:s torg 3, 111 47 Stockholm, Sweden",59.32982699999999,18.071339,4.9,59,,,08-676 58 00,https://operakallaren.se/othilia/,Monday: Closed; Tuesday: 5:00 PM – 1:00 AM; Wednesday: 5:00 PM – 1:00 AM; Thursday: 5:00 PM – 1:00 AM; Friday: 5:00 PM – 1:00 AM; Saturday: 5:00 PM – 1:00 AM; Sunday: Closed,ChIJd9OZf_udX0YRwWl8vIQyyLs
20hundra5,Cocktail Bar,"Sankt Eriksgatan 102, 113 31 Stockholm, Sweden",59.344061,18.039616199999998,4.6,472,MODERATE,,08-34 05 05,http://www.noll5.se/,Monday: Closed; Tuesday: 6:00 PM – 12:00 AM; Wednesday: 6:00 PM – 1:00 AM; Thursday: 6:00 PM – 1:00 AM; Friday: 5:00 PM – 1:00 AM; Saturday: 5:00 PM – 1:00 AM; Sunday: Closed,ChIJjXrkyXCdX0YRs4ulsA6dnhI
Lucy's Flower Shop,Cocktail Bar,"Birger Jarlsgatan 20, 114 34 Stockholm, Sweden",59.336615599999995,18.0720358,4.6,585,EXPENSIVE,,,http://lucysstockholm.se/,Monday: Closed; Tuesday: 5:00 PM – 1:00 AM; Wednesday: 5:00 PM – 1:00 AM; Thursday: 5:00 PM – 1:00 AM; Friday: 5:00 PM – 1:00 AM; Saturday: 5:00 PM – 1:00 AM; Sunday: 5:00 PM – 1:00 AM,ChIJG6VO5MGdX0YRwIGjU2hJNNc
Sally’s Cocktailbar,Cocktail Bar,"Tegelbacken 6, 111 52 Stockholm, Sweden",59.3290515,18.0617959,4.4,11,,,08-412 34 72,https://mrbronck.com/sallys?utm_source=google,Monday: 11:00 AM – 12:00 AM; Tuesday: 11:00 AM – 12:30 AM; Wednesday: 11:00 AM – 12:30 AM; Thursday: 11:00 AM – 12:30 AM; Friday: 11:00 AM – 1:00 AM; Saturday: 12:00 PM – 1:00 AM; Sunday: 12:00 PM – 12:00 AM,ChIJ43UhTQCdX0YR9olLuF44pBA
Röda Huset,Cocktail Bar,"Malmskillnadsgatan 9, 111 47 Stockholm, Sweden",59.3327586,18.0661482,4.2,552,EXPENSIVE,,08-480 043 97,https://rodahuset.nu/,Monday: 5:00 – 11:00 PM; Tuesday: 5:00 – 11:00 PM; Wednesday: 5:00 – 11:00 PM; Thursday: 5:00 – 11:00 PM; Friday: 3:00 PM – 1:00 AM; Saturday: 3:00 PM – 1:00 AM; Sunday: Closed,ChIJD9TAUaGdX0YRiCmb4VoK9gY
Coquetel Social,Cocktail Bar,"Birger Jarlsgatan 20, 114 34 Stockholm, Sweden",59.336615599999995,18.0720358,4,231,,,,https://coquetelsocial.se/,Monday: 8:00 PM – 3:00 AM; Tuesday: 5:00 PM – 3:00 AM; Wednesday: 5:00 PM – 3:00 AM; Thursday: 5:00 PM – 3:00 AM; Friday: 5:00 PM – 3:00 AM; Saturday: 5:00 PM – 3:00 AM; Sunday: 8:00 PM – 3:00 AM,ChIJP-49TTGdX0YRJQspmj-mlRg
Bar Nombre,Cocktail Bar,"Odengatan 36, 113 51 Stockholm, Sweden",59.3449757,18.0587533,4.6,1117,MODERATE,,08-612 14 20,https://www.barnombre.se/,Monday: 5:00 – 10:00 PM; Tuesday: 5:00 – 11:00 PM; Wednesday: 5:00 PM – 12:00 AM; Thursday: 5:00 PM – 1:00 AM; Friday: 5:00 PM – 1:00 AM; Saturday: 5:00 PM – 1:00 AM; Sunday: Closed,ChIJxeD7r26dX0YRB1p6Y-5cyAc
Los Tacos Sveavägen,Brewery,"Sveavägen 88, 113 59 Stockholm, Sweden",59.3411468,18.0585903,4.8,113,,,076-199 99 03,https://www.lostacos.se/,Monday: 11:00 AM – 10:00 PM; Tuesday: 11:00 AM – 10:00 PM; Wednesday: 11:00 AM – 10:00 PM; Thursday: 11:00 AM – 10:00 PM; Friday: 11:00 AM – 1:00 AM; Saturday: 11:00 AM – 1:00 AM; Sunday: 11:00 AM – 10:00 PM,ChIJpZhmXu2dX0YR_p6Rd8zClIU
Television Brewing CO. Bar och Taproom,Brewery,"Västmannagatan 69, 113 26 Stockholm, Sweden",59.343506100000006,18.0455828,4.7,37,,,070-191 50 62,https://www.televisionbrew.com/,Monday: Closed; Tuesday: 4:00 – 10:00 PM; Wednesday: 4:00 – 10:00 PM; Thursday: 4:00 – 10:00 PM; Friday: 4:00 – 10:00 PM; Saturday: 4:00 – 10:00 PM; Sunday: Closed,ChIJQ8D9SACdX0YRmMmFRw-ZIF0
Bierhaus,Brewery,"Tegnérgatan 10, 113 58 Stockholm, Sweden",59.3402701,18.0619779,3.9,1481,MODERATE,,08-509 088 10,http://www.bierhaus.se/,Monday: 3:00 – 11:00 PM; Tuesday: 3:00 – 11:00 PM; Wednesday: 3:00 PM – 1:00 AM; Thursday: 3:00 PM – 1:00 AM; Friday: 3:00 PM – 1:00 AM; Saturday: 3:00 PM – 1:00 AM; Sunday: Closed,ChIJVVVViWidX0YRS-V2a3tsQ8s
Lådan,Brewery,"Luntmakargatan 63, 113 58 Stockholm, Sweden",59.340434300000005,18.060369599999998,4.2,1761,MODERATE,"Warm, informal restaurant serving burgers, fries & chicken wings, plus craft beer, wine & spirits.",,http://ladansthlm.se/,Monday: Closed; Tuesday: 5:00 – 11:00 PM; Wednesday: 5:00 – 11:00 PM; Thursday: 5:00 – 11:00 PM; Friday: 11:30 AM – 12:00 AM; Saturday: 12:00 PM – 12:00 AM; Sunday: Closed,ChIJhSjWj2idX0YRuBNFBG7hhiQ
OMAKA,Brewery,"Uggelviksgatan 2C, 114 27 Stockholm, Sweden",59.3436768,18.0687704,4.4,348,VERY_EXPENSIVE,,08-400 504 40,http://www.omaka.beer/,Monday: Closed; Tuesday: 3:00 – 11:00 PM; Wednesday: 3:00 – 11:00 PM; Thursday: 3:00 – 11:00 PM; Friday: 11:30 AM – 12:00 AM; Saturday: 1:00 PM – 12:00 AM; Sunday: Closed,ChIJBe-KuZWdX0YR7F9-Cpd4Dd4
Tasca,Wine Bar,"Vidargatan 9, 113 27 Stockholm, Sweden",59.3437923,18.0478766,4.9,16,,,08-777 41 13,https://www.acaza.se/tasca?utm_source=google,Monday: Closed; Tuesday: 4:30 – 11:00 PM; Wednesday: 4:30 – 11:00 PM; Thursday: 4:30 – 11:00 PM; Friday: 4:30 PM – 12:00 AM; Saturday: 4:30 PM – 12:00 AM; Sunday: Closed,ChIJfwbCNTGdX0YRN0XWoClyunY
Savant Bar,Wine Bar,"Tegnérgatan 4, 113 58 Stockholm, Sweden",59.340617699999996,18.0633244,4.6,391,MODERATE,,,http://www.savantbar.se/,Monday: 3:00 – 11:00 PM; Tuesday: 3:00 PM – 12:00 AM; Wednesday: 3:00 PM – 12:00 AM; Thursday: 3:00 PM – 12:00 AM; Friday: 3:00 PM – 12:00 AM; Saturday: 1:00 PM – 12:00 AM; Sunday: 1:00 – 11:00 PM,ChIJbyASXBSdX0YR-4Io0DfnxEA
Cachette,Wine Bar,"Regeringsgatan 111, 111 39 Stockholm, Sweden",59.340484399999994,18.0653723,4.7,11,,,08-22 33 99,https://www.restaurangtete.se/,Monday: Closed; Tuesday: 5:00 PM – 12:00 AM; Wednesday: 5:00 PM – 12:00 AM; Thursday: 5:00 PM – 12:00 AM; Friday: 5:00 PM – 1:00 AM; Saturday: 5:00 PM – 1:00 AM; Sunday: Closed,ChIJOel7RyadX0YR_UJ9KYnRnnc
Vinverket Stockholm,Wine Bar,"Norrtullsgatan 24, 113 45 Stockholm, Sweden",59.34801419999999,18.0461387,4.6,162,,,08-33 04 00,http://vinverket.se/,Monday: Closed; Tuesday: 5:00 – 11:00 PM; Wednesday: 5:00 – 11:00 PM; Thursday: 5:00 – 11:00 PM; Friday: 4:00 PM – 12:00 AM; Saturday: 5:00 PM – 12:00 AM; Sunday: Closed,ChIJ7cF90XOdX0YR-74KerEBhGI
Combo Vinbaren,Wine Bar,"Odengatan 52, 113 22 Stockholm, Sweden",59.3439029,18.0545197,4.4,252,MODERATE,,08-522 256 52,http://www.combovinbaren.com/,Monday: Closed; Tuesday: 3:00 – 10:00 PM; Wednesday: 3:00 – 10:00 PM; Thursday: 3:00 – 11:00 PM; Friday: 1:00 – 11:00 PM; Saturday: 1:00 – 11:00 PM; Sunday: Closed,ChIJSZgZ-m6dX0YRtaaaZfFogns
The Sparrow Vinbar,Wine Bar,"Birger Jarlsgatan 24, 114 34 Stockholm, Sweden",59.3369715,18.0716698,4.6,45,,,08-122 173 00,https://www.thesparrow.se/restauranger-och-barer,Monday: Closed; Tuesday: Closed; Wednesday: 5:00 – 11:00 PM; Thursday: 5:00 – 11:00 PM; Friday: 5:00 – 11:00 PM; Saturday: 5:00 – 11:00 PM; Sunday: Closed,ChIJrZ4oZFedX0YR72w3uh7mHYo
Vineriet,Wine Bar,"Roslagsgatan 15, 113 55 Stockholm, Sweden",59.3465546,18.0594219,4.8,154,,,073-616 79 78,https://vinerietsthlm.se/,,ChIJOfZvjrSdX0YRm9uvNknHGwE
ingrid,Wine Bar,"Olof Palmes gata 12, 111 37 Stockholm, Sweden",59.3362911,18.061404,4.7,168,,,08-562 973 73,http://baringrid.se/,Monday: Closed; Tuesday: 4:00 – 10:00 PM; Wednesday: 4:00 – 10:00 PM; Thursday: 4:00 – 10:00 PM; Friday: 4:00 – 11:00 PM; Saturday: 4:00 – 11:00 PM; Sunday: Closed,ChIJW3LsGFudX0YR2eBGDZf_ySE
Capannone Bottega - Vinbar,Wine Bar,"Roslagsgatan 4, 113 55 Stockholm, Sweden",59.3447607,18.061923399999998,4.9,55,,,08-22 19 36,https://www.capannone.se/?utm_source=google,Monday: 11:00 AM – 11:00 PM; Tuesday: 11:00 AM – 11:00 PM; Wednesday: 11:00 AM – 11:00 PM; Thursday: 11:00 AM – 11:00 PM; Friday: 11:00 AM – 12:00 AM; Saturday: 12:00 PM – 12:00 AM; Sunday: Closed,ChIJgb6CqJidX0YRAZhQ5yzh85g
Vinfolket,Wine Bar,"Drottninggatan 73 A, 111 36 Stockholm, Sweden",59.3368116,18.058351,4.3,124,,,010-333 35 43,https://vinfolket.se/info/vinbarer/?utm_source=google,Monday: 3:00 – 11:00 PM; Tuesday: 3:00 – 11:00 PM; Wednesday: 3:00 – 11:00 PM; Thursday: 3:00 – 11:00 PM; Friday: 1:00 – 11:00 PM; Saturday: 1:00 – 11:00 PM; Sunday: Closed,ChIJ0f9Zvs-dX0YRob5WLtYZGi8
Proseccobaren,Wine Bar,"Malmskillnadsgatan 21, 111 57 Stockholm, Sweden",59.333495500000005,18.0660024,4.1,112,,,,http://www.proseccobaren.se/,Monday: Closed; Tuesday: 4:00 – 11:00 PM; Wednesday: 4:00 PM – 12:00 AM; Thursday: 4:00 PM – 12:00 AM; Friday: 4:00 PM – 1:00 AM; Saturday: 1:00 PM – 1:00 AM; Sunday: Closed,ChIJ7xXoSD-dX0YRPEW1fd3X-oA
Bombo,Wine Bar,"Karlavägen 26, 114 31 Stockholm, Sweden",59.342160899999996,18.069157699999998,5,4,,,,,,ChIJeZx7MgCdX0YRyEBVERx6Z3U
Garage Del Gusto-Italian Wine Bar Stockholm,Wine Bar,"Västmannagatan 54, 113 25 Stockholm, Sweden",59.34167029999999,18.047934899999998,4.1,322,,,,http://www.garagedelgusto.com/,Monday: Closed; Tuesday: 5:00 – 11:30 PM; Wednesday: 5:00 – 11:30 PM; Thursday: 5:00 – 11:30 PM; Friday: 5:00 PM – 12:00 AM; Saturday: 5:00 PM – 12:00 AM; Sunday: Closed,ChIJLzj6-2-dX0YR1rL3fDDelo0
Avec Vinbar,Wine Bar,"Sankt Eriksgatan 100, 113 31 Stockholm, Sweden",59.343425100000005,18.039319499999998,4.9,42,,,076-028 61 60,https://avecstockholm.com/,Monday: Closed; Tuesday: Closed; Wednesday: 4:00 – 10:00 PM; Thursday: 4:00 – 10:00 PM; Friday: 4:00 – 10:00 PM; Saturday: 4:00 – 10:00 PM; Sunday: Closed,ChIJD5DbFhydX0YRw7jSdAfyGTg
Grus Grus,Wine Bar,"Karlbergsvägen 14, 113 27 Stockholm, Sweden",59.34321379999999,18.049160200000003,4,343,MODERATE,,08-610 66 00,http://grusgrusvinbaren.se/,Monday: 4:00 – 11:00 PM; Tuesday: 4:00 – 11:00 PM; Wednesday: 4:00 – 11:00 PM; Thursday: 4:00 – 11:00 PM; Friday: 4:00 PM – 12:00 AM; Saturday: 3:00 PM – 12:00 AM; Sunday: Closed,ChIJBbjGoWydX0YR6aZPpXYsVag
Bryggeriet Sportbar,Sports Bar,"Odengatan 60, 113 22 Stockholm, Sweden",59.34336510000001,18.052305,3.8,1068,MODERATE,,08-30 04 41,http://www.bryggerietbar.se/,Monday: 10:00 AM – 10:00 PM; Tuesday: 10:00 AM – 11:00 PM; Wednesday: 10:00 AM – 11:00 PM; Thursday: 10:00 AM – 11:00 PM; Friday: 10:00 AM – 1:00 AM; Saturday: 12:00 PM – 1:00 AM; Sunday: 12:00 – 10:00 PM,ChIJZcaKrW-dX0YRPEoDginT64w
Pitcher's,Sports Bar,"Regeringsgatan 113, 111 39 Stockholm, Sweden",59.34065379999999,18.0652901,3.7,910,MODERATE,,08-23 01 11,http://www.pitchers.se/restauranger/stockholm-norrmalm/,Monday: 4:00 – 11:00 PM; Tuesday: 4:00 PM – 12:00 AM; Wednesday: 4:00 PM – 12:00 AM; Thursday: 4:00 PM – 12:00 AM; Friday: 3:00 PM – 1:00 AM; Saturday: 1:00 PM – 1:00 AM; Sunday: 2:00 – 11:00 PM,ChIJgzP0O2idX0YRe_K6iy4BcRU
O'Learys Sveaplan,Sports Bar,"Sveavägen 143, 113 46 Stockholm, Sweden",59.349697199999994,18.0489067,3.8,1380,MODERATE,"Sports center with bowling alley, pool tables, TV football, golf & racing simulators plus eatery.",08-751 00 90,https://olearys.com/sv-se/sveaplan/,Monday: 4:00 – 10:00 PM; Tuesday: 4:00 – 10:00 PM; Wednesday: 4:00 – 11:00 PM; Thursday: 4:00 – 11:00 PM; Friday: 4:00 PM – 1:00 AM; Saturday: 11:00 AM – 1:00 AM; Sunday: 11:00 AM – 10:00 PM,ChIJxWDGUHKdX0YRW0AwpKIsbr0
RoQ,Sports Bar,"Gyldéngatan 2, 113 27 Stockholm, Sweden",59.342568899999996,18.0523733,4.1,1666,MODERATE,,08-31 32 50,https://roq.se/?utm_source=google,Monday: 5:00 PM – 1:00 AM; Tuesday: 5:00 PM – 1:00 AM; Wednesday: 5:00 PM – 1:00 AM; Thursday: 5:00 PM – 1:00 AM; Friday: 4:00 PM – 3:00 AM; Saturday: 4:00 PM – 3:00 AM; Sunday: 5:00 PM – 1:00 AM,ChIJmbJSoW-dX0YRKhy-qZnkTR0
International Bar Drottninggatan,Sports Bar,"Drottninggatan 79, 111 60 Stockholm, Sweden",59.3377171,18.0574764,3.7,40,,,,https://internationalbar.se/,Monday: 1:00 PM – 1:00 AM; Tuesday: 1:00 PM – 1:00 AM; Wednesday: 1:00 PM – 1:00 AM; Thursday: 1:00 PM – 1:00 AM; Friday: 1:00 PM – 1:00 AM; Saturday: 12:00 PM – 1:00 AM; Sunday: 12:00 PM – 1:00 AM,ChIJgxFfCcSdX0YR28JREWgRwbY
O'Learys Hötorget,Sports Bar,"Slöjdgatan 11, 111 57 Stockholm, Sweden",59.334264399999995,18.0620253,3.6,1145,MODERATE,,020-10 31 81,https://olearys.se/hotorget/,Monday: 11:00 AM – 11:00 PM; Tuesday: 11:00 AM – 11:00 PM; Wednesday: 11:00 AM – 11:00 PM; Thursday: 11:00 AM – 11:00 PM; Friday: 11:00 AM – 1:00 AM; Saturday: 11:00 AM – 1:00 AM; Sunday: 11:00 AM – 11:00 PM,ChIJl_9zSCCdX0YRkMduoS1GOXQ
John Scotts,Sports Bar,"Kungsgatan 37, 111 56 Stockholm, Sweden",59.3356518,18.06461,3.8,2633,MODERATE,"American-inspired menu, plus alcoholic shakes in retro-style diner & bar set within a bowling-alley.",08-546 110 00,https://johnscotts.se/kungsgatan/,Monday: 11:00 AM – 1:00 AM; Tuesday: 11:00 AM – 1:00 AM; Wednesday: 11:00 AM – 1:00 AM; Thursday: 11:00 AM – 1:00 AM; Friday: 11:00 AM – 3:00 AM; Saturday: 11:00 AM – 3:00 AM; Sunday: 12:00 – 10:00 PM,ChIJU6vMnF2dX0YRWnYWB6N4UmA
Wirströms Pub ( City),Irish Pub,"Kungsgatan 7, 111 43 Stockholm, Sweden",59.3358874,18.0703244,4.2,109,,,08-18 79 77,https://wirstromspub.se/city/,Monday: 11:00 AM – 11:00 PM; Tuesday: 11:00 AM – 11:00 PM; Wednesday: 11:00 AM – 1:00 AM; Thursday: 11:00 AM – 1:00 AM; Friday: 11:00 AM – 3:00 AM; Saturday: 12:00 PM – 3:00 AM; Sunday: 1:00 – 9:00 PM,ChIJ_b4AyN2dX0YRxS2R2Zaw6hs
Molly Malone's,Irish Pub,"Odengatan 83, 113 22 Stockholm, Sweden",59.3419174,18.0478219,3.8,1118,MODERATE,,046-30 18 66,https://mollymalones.se/?utm_source=google,Monday: 1:00 PM – 12:00 AM; Tuesday: 1:00 PM – 12:00 AM; Wednesday: 1:00 PM – 12:00 AM; Thursday: 1:00 PM – 12:00 AM; Friday: 1:00 PM – 1:00 AM; Saturday: 1:00 PM – 1:00 AM; Sunday: 1:00 PM – 12:00 AM,ChIJeX3G_G-dX0YRLsJdkWI5Jao
The King's Fox by Bolaget,Irish Pub,"Kungsgatan 24, 111 35 Stockholm, Sweden",59.336151599999994,18.0672697,4,284,,,08-24 75 42,https://www.thekingsfox.com/,Monday: 4:00 – 10:00 PM; Tuesday: 4:00 – 11:00 PM; Wednesday: 4:00 PM – 1:00 AM; Thursday: 4:00 PM – 1:00 AM; Friday: 3:00 PM – 3:00 AM; Saturday: 1:00 PM – 3:00 AM; Sunday: Closed,ChIJz0RX4oGdX0YR9rtQB1o6PZg
Pickwick Restaurang & Pub,Irish Pub,"Drottninggatan 6, 111 51 Stockholm, Sweden",59.3291948,18.0663622,4.2,2866,MODERATE,,08-411 10 16,https://pickwick.nu/,Monday: 11:00 AM – 12:00 AM; Tuesday: 11:00 AM – 12:00 AM; Wednesday: 11:00 AM – 12:00 AM; Thursday: 11:00 AM – 12:00 AM; Friday: 11:00 AM – 1:00 AM; Saturday: 11:00 AM – 1:00 AM; Sunday: 11:00 AM – 12:00 AM,ChIJa4yHGF-dX0YR_NaoziT3tZI
The Liffey,Irish Pub,"Stora Nygatan 40, 111 27 Stockholm, Sweden",59.323466399999994,18.0703054,4.1,1753,MODERATE,,08-21 80 25,http://www.theliffey.se/,Monday: 3:00 – 11:00 PM; Tuesday: 3:00 PM – 12:00 AM; Wednesday: 3:00 PM – 1:00 AM; Thursday: 3:00 PM – 1:00 AM; Friday: 11:00 AM – 1:00 AM; Saturday: 11:00 AM – 1:00 AM; Sunday: 12:00 PM – 12:00 AM,ChIJFXcC_eJ3X0YRi5AthfTiK-c
O’Connell’s Irish Pub,Irish Pub,"Stora Nygatan 21, 111 27 Stockholm, Sweden",59.3244329,18.069087,4.1,2088,MODERATE,,08-22 30 70,http://www.oconnells.se/,Monday: 11:00 AM – 1:00 AM; Tuesday: 11:00 AM – 1:00 AM; Wednesday: 11:00 AM – 1:00 AM; Thursday: 11:00 AM – 1:00 AM; Friday: 11:00 AM – 1:00 AM; Saturday: 11:00 AM – 1:00 AM; Sunday: 12:00 PM – 12:00 AM,ChIJuURiROJ3X0YRhyVR4Ej_eFc
Wirströms Pub,Irish Pub,"Stora Nygatan 13, 111 27 Stockholm, Sweden",59.3248609,18.0683004,4.4,2427,MODERATE,,08-21 28 74,https://wirstromspub.se/,Monday: 3:00 PM – 1:00 AM; Tuesday: 3:00 PM – 1:00 AM; Wednesday: 3:00 PM – 1:00 AM; Thursday: 3:00 PM – 1:00 AM; Friday: 12:00 PM – 1:00 AM; Saturday: 11:00 AM – 1:00 AM; Sunday: 12:00 PM – 1:00 AM,ChIJnwYSQOJ3X0YRcPtNzSXQTD4
Glenn Miller Café,Jazz Bar,"Brunnsgatan 21A, 111 38 Stockholm, Sweden",59.336492099999994,18.0665646,4.5,594,MODERATE,"Live jazz performances in an intimate, candlelit cafe/bar decorated with music ephemera.",,https://www.glennmillercafe.se/?utm_source=google,Monday: 6:00 PM – 12:00 AM; Tuesday: 6:00 PM – 12:00 AM; Wednesday: 6:00 PM – 12:00 AM; Thursday: 6:00 PM – 12:00 AM; Friday: 6:00 PM – 12:00 AM; Saturday: 6:00 PM – 12:00 AM; Sunday: Closed,ChIJbz3gN1KcX0YRCpnnqavYTNQ
Kung Carls Jazzklubb,Jazz Bar,"Norrlandsgatan 28, 111 43 Stockholm, Sweden",59.33636139999999,18.071081100000004,4,49,,,08-463 50 80,https://www.facebook.com/kungcarlsjazzklubb,Monday: Closed; Tuesday: Closed; Wednesday: Closed; Thursday: Closed; Friday: 5:00 PM – 12:00 AM; Saturday: 6:00 – 11:00 PM; Sunday: Closed,ChIJq08iQtWdX0YRh4J6ity993k
Stampen,Jazz Bar,"Stora Gråmunkegränd 7, 111 27 Stockholm, Sweden",59.32531399999999,18.067823,4.5,2318,MODERATE,"Nightly live jazz & blues acts in an intimate, antique-filled tavern with a 17th-century cellar bar.",,http://www.stampen.se/,Monday: Closed; Tuesday: 5:00 PM – 12:00 AM; Wednesday: 5:00 PM – 12:00 AM; Thursday: 5:00 PM – 12:00 AM; Friday: 5:00 PM – 2:00 AM; Saturday: 1:00 PM – 2:00 AM; Sunday: 5:00 PM – 12:00 AM,ChIJv8p8FuJ3X0YRVb4BR8Lun-4
Fasching,Jazz Bar,"Kungsgatan 63, 111 22 Stockholm, Sweden",59.333428299999994,18.055935899999998,4.4,1646,MODERATE,"Renowned jazz club staging emerging talent & international legends, plus a balcony restaurant & bar.",08-20 00 66,http://www.fasching.se/,,ChIJgV3AKGGdX0YR5IUhAufGRsM
Erlands,Jazz Bar,"Gästrikegatan 1, 113 62 Stockholm, Sweden",59.3404761,18.0401393,4.7,690,EXPENSIVE,,,https://www.erlandsbar.se/?utm_source=google,Monday: Closed; Tuesday: 5:00 PM – 12:00 AM; Wednesday: 5:00 PM – 12:00 AM; Thursday: 5:00 PM – 12:00 AM; Friday: 4:00 PM – 1:00 AM; Saturday: 4:00 PM – 1:00 AM; Sunday: 4:00 – 10:00 PM,ChIJA5yLXHqdX0YRUeQr7LsXAQo
S:t Eriks Jazzbar,Jazz Bar,"Rörstrandsgatan 21, 113 41 Stockholm, Sweden",59.3402982,18.0311956,4.8,20,,,070-752 94 39,https://steriksjazzbar.se/,Monday: Closed; Tuesday: Closed; Wednesday: 6:00 – 11:00 PM; Thursday: 6:00 – 11:00 PM; Friday: 5:00 PM – 1:00 AM; Saturday: 6:00 PM – 1:00 AM; Sunday: Closed,ChIJCWZ-pG-dX0YRIKTN99_OtIc
"S:ta Clara Restaurant, Bierhaus & Live Musik Venue",Jazz Bar,"Lilla Nygatan 17, 111 28 Stockholm, Sweden",59.32360609999999,18.069127599999998,4.3,1000,MODERATE,,08-411 30 32,https://staclara.se/?utm_source=google,Monday: 4:00 – 11:00 PM; Tuesday: 4:00 – 11:00 PM; Wednesday: 4:00 PM – 12:00 AM; Thursday: 4:00 PM – 12:00 AM; Friday: 4:00 PM – 1:00 AM; Saturday: 12:00 PM – 1:00 AM; Sunday: 4:00 – 11:00 PM,ChIJadSvU-J3X0YRDuMBWE_6qLA
Restaurang Cirkeln och Cirkeln Bakfickan,Jazz Bar,"Sveavägen 41, 111 83 Stockholm, Sweden",59.338733999999995,18.0599299,4.3,84,,,08-453 41 00,https://cirkelnstockholm.se/,Monday: 8:00 AM – 6:00 PM; Tuesday: 8:00 AM – 6:00 PM; Wednesday: 8:00 AM – 6:00 PM; Thursday: 8:00 AM – 6:00 PM; Friday: 8:00 AM – 3:00 PM; Saturday: Closed; Sunday: Closed,ChIJWw2PLWadX0YRIQrJfbZC1rI
Norrport,Jazz Bar,"Roslagsgatan 38, 113 55 Stockholm, Sweden",59.3484807,18.0581356,4.2,194,INEXPENSIVE,,08-612 44 60,https://www.norrport.se/,Monday: 4:00 – 11:00 PM; Tuesday: 4:00 – 11:00 PM; Wednesday: 4:00 – 11:00 PM; Thursday: 4:00 – 11:00 PM; Friday: 4:00 PM – 12:00 AM; Saturday: 4:00 PM – 12:00 AM; Sunday: 4:00 – 11:00 PM,ChIJ05O3ICqeX0YRFHDsDTMqaNY
Kung Carl Mat & Bar,Jazz Bar,"Birger Jarlsgatan 21, 111 45 Stockholm, Sweden",59.336371899999996,18.071642999999998,4.3,53,,,08-463 50 00,https://www.kungcarl.se/mat-och-dryck?utm_source=google,Monday: 6:30 AM – 11:00 PM; Tuesday: 6:30 AM – 11:00 PM; Wednesday: 6:30 AM – 1:00 AM; Thursday: 6:30 AM – 1:00 AM; Friday: 6:30 AM – 1:00 AM; Saturday: 7:30 AM – 1:00 AM; Sunday: 7:30 AM – 11:00 PM,ChIJyQoIlw6dX0YRIMYPsPVWI8s
Hilma,Jazz Bar,"Torsgatan 10, 111 23 Stockholm, Sweden",59.3357762,18.0512217,4.1,709,MODERATE,,08-505 323 82,http://www.hilmastockholm.com/,Monday: 11:00 AM – 1:30 PM; Tuesday: 11:00 AM – 11:00 PM; Wednesday: 11:00 AM – 11:00 PM; Thursday: 11:00 AM – 11:00 PM; Friday: 11:00 AM – 1:00 AM; Saturday: 3:00 PM – 3:00 AM; Sunday: Closed,ChIJD7E1EmSdX0YR3aeerS4DTqk
Nomad | Swedish Food & Bar,Jazz Bar,"Upplandsgatan 2, 111 23 Stockholm, Sweden",59.336107,18.0552917,4.4,2035,MODERATE,,08-20 20 42,https://www.nomadbar.se/,Monday: 5:00 – 11:00 PM; Tuesday: 5:00 – 11:00 PM; Wednesday: 5:00 – 11:00 PM; Thursday: 5:00 – 11:00 PM; Friday: 5:00 PM – 12:00 AM; Saturday: 5:00 PM – 12:00 AM; Sunday: 5:00 – 11:00 PM,ChIJ45ljlmadX0YRqSKnYxV8Q6U
Bar Oas,Jazz Bar,"Drottninggatan 73c, 111 36 Stockholm, Sweden",59.33714219999999,18.0579938,4.7,153,,,,http://www.baroasdrottninggatan.com/,Monday: 4:00 – 11:00 PM; Tuesday: 4:00 – 11:00 PM; Wednesday: 4:00 – 11:00 PM; Thursday: 4:00 – 11:00 PM; Friday: 3:00 – 11:00 PM; Saturday: 2:00 – 11:00 PM; Sunday: Closed,ChIJhyLBNsOdX0YR1QG9h1gmiMQ
Nalen,Jazz Bar,"Regeringsgatan 74, 111 38 Stockholm, Sweden",59.33714219999999,18.067687199999998,4.4,1833,,"Elegant, 19th-century building used for concerts and conferences, with a Swedish restaurant.",08-505 292 00,http://www.nalen.com/,,ChIJ9VkTPl2dX0YRaRjlJ7RcF7s
Corner Club Rescued by Sovel,Jazz Bar,"Lilla Nygatan 16, 111 28 Stockholm, Sweden",59.3233216,18.069340099999998,4.5,307,EXPENSIVE,,08-641 81 50,https://sovel.se/,Monday: Closed; Tuesday: 3:00 PM – 1:00 AM; Wednesday: 3:00 PM – 1:00 AM; Thursday: 3:00 PM – 1:00 AM; Friday: 3:00 PM – 1:00 AM; Saturday: 3:00 PM – 1:00 AM; Sunday: 3:00 PM – 1:00 AM,ChIJq8Avq-N3X0YRd_FZtLBK4xs
Brasserie Jacqueline's,Jazz Bar,"Malmskillnadsgatan 40, 111 57 Stockholm, Sweden",59.333702200000005,18.0664721,3.9,499,,"Spacious corner eatery & bar featuring a robust drink list & global fare, plus outdoor seating.",08-124 557 80,https://www.jacquelines.se/?utm_source=google,Monday: 11:15 AM – 11:00 PM; Tuesday: 11:15 AM – 11:00 PM; Wednesday: 11:15 AM – 11:00 PM; Thursday: 11:15 AM – 1:00 AM; Friday: 11:15 AM – 1:00 AM; Saturday: 12:00 PM – 1:00 AM; Sunday: Closed,ChIJAypcezCdX0YRVoLcnsNZPd0
Restaurant Artilleriet,Jazz Bar,"Artillerigatan 13, 114 51 Stockholm, Sweden",59.334407999999996,18.081125,4.4,1012,,"Hip haunt serving creative bar bites & mains alongside cocktails, wine & craft beer.",08-664 34 30,https://restaurangartilleriet.se/?utm_source=google,Monday: Closed; Tuesday: 11:00 AM – 11:30 PM; Wednesday: 11:00 AM – 11:30 PM; Thursday: 11:00 AM – 11:30 PM; Friday: 11:00 AM – 1:00 AM; Saturday: 11:00 AM – 1:00 AM; Sunday: Closed,ChIJ1VpbkVqdX0YR9NpZUQHHegA
K Karaoke,Karaoke Bar,"Odengatan 87, 113 22 Stockholm, Sweden",59.3416249,18.046908000000002,3.7,506,,,08-33 12 36,http://www.kkaraoke.se/,Monday: Closed; Tuesday: Closed; Wednesday: 7:00 PM – 1:00 AM; Thursday: 7:00 PM – 1:00 AM; Friday: 7:00 PM – 3:00 AM; Saturday: 6:00 PM – 3:00 AM; Sunday: Closed,ChIJnwQTAXCdX0YRB3fRxjBiiS4
Moyagi,Karaoke Bar,"Brunkebergstorg 3, 111 51 Stockholm, Sweden",59.330871599999995,18.0661918,4.5,697,,,08-425 043 70,https://moyagi.com/,Monday: Closed; Tuesday: Closed; Wednesday: 5:00 PM – 1:00 AM; Thursday: 5:00 PM – 1:00 AM; Friday: 5:00 PM – 3:00 AM; Saturday: 5:00 PM – 3:00 AM; Sunday: Closed,ChIJJ20E8l6dX0YR5qtB6vI9be8
Sakura restaurang,Karaoke Bar,"Luntmakargatan 59, 113 58 Stockholm, Sweden",59.3400841,18.060705199999997,4.3,784,MODERATE,"Classic Japanese dishes, including Wagyu beef, in a simple, modern joint with private karaoke rooms.",08-673 45 55,https://restaurangsakura.se/,Monday: 5:00 – 10:00 PM; Tuesday: 5:00 – 10:00 PM; Wednesday: 5:00 – 11:00 PM; Thursday: 5:00 – 11:00 PM; Friday: 4:00 – 11:00 PM; Saturday: 4:00 – 11:00 PM; Sunday: 4:00 – 10:00 PM,ChIJK-p2hmidX0YRKiWiU_OncHI
Golden Hits,Karaoke Bar,"Kungsgatan 29, 111 56 Stockholm, Sweden",59.3357435,18.066887899999998,3.2,818,MODERATE,,08-505 560 87,https://goldenhits.se/,Monday: Closed; Tuesday: Closed; Wednesday: Closed; Thursday: 6:00 PM – 1:00 AM; Friday: 6:00 PM – 3:00 AM; Saturday: 6:00 PM – 3:00 AM; Sunday: Closed,ChIJ6cY8Cl2dX0YRKA8Dbopkw44
